{
  "config": "gen_train234_test2to10",
  "device": "cpu",
  "epochs": 15,
  "models": [
    "arm",
    "enhanced_arm",
    "dot_memory",
    "prototype",
    "rbf",
    "hopfield",
    "transformer"
  ],
  "summary": {
    "arm": {
      "parameters": 758024,
      "best_val_acc": 0.981,
      "final_val_acc": 0.981,
      "test_acc": 0.2709923677772056
    },
    "enhanced_arm": {
      "parameters": 1053630,
      "best_val_acc": 0.9710000023841858,
      "final_val_acc": 0.971,
      "test_acc": 0.26526717784750553
    },
    "dot_memory": {
      "parameters": 625792,
      "best_val_acc": 0.9816666641235352,
      "final_val_acc": 0.9797,
      "test_acc": 0.26622137688953457
    },
    "prototype": {
      "parameters": 609281,
      "best_val_acc": 0.9833333282470703,
      "final_val_acc": 0.9827,
      "test_acc": 0.26431297670111403
    },
    "rbf": {
      "parameters": 609298,
      "best_val_acc": 0.9839999985694885,
      "final_val_acc": 0.984,
      "test_acc": 0.2633587798203221
    },
    "hopfield": {
      "parameters": 611603,
      "best_val_acc": 0.890666669368744,
      "final_val_acc": 0.8907,
      "test_acc": 0.2366412241609042
    },
    "transformer": {
      "parameters": 781842,
      "best_val_acc": 0.8079999966621398,
      "final_val_acc": 0.8077,
      "test_acc": 0.23091602939685793
    }
  },
  "validation_curves": {
    "arm": [0.5353, 0.8460, 0.9093, 0.9167, 0.9600, 0.9687, 0.9687, 0.9760, 0.9797, 0.9800, 0.9810, 0.9810, 0.9810, 0.9810, 0.9810],
    "enhanced_arm": [0.5400, 0.8437, 0.8753, 0.9130, 0.9370, 0.9537, 0.9483, 0.9640, 0.9633, 0.9667, 0.9707, 0.9710, 0.9700, 0.9710, 0.9710],
    "dot_memory": [0.5093, 0.8460, 0.9283, 0.9503, 0.9600, 0.9717, 0.9607, 0.9757, 0.9773, 0.9797, 0.9777, 0.9787, 0.9817, 0.9803, 0.9797],
    "prototype": [0.5757, 0.9000, 0.9450, 0.9553, 0.9613, 0.9680, 0.9777, 0.9753, 0.9787, 0.9810, 0.9820, 0.9820, 0.9833, 0.9823, 0.9827],
    "rbf": [0.5883, 0.8863, 0.9443, 0.9413, 0.9617, 0.9707, 0.9753, 0.9780, 0.9797, 0.9830, 0.9840, 0.9833, 0.9837, 0.9840, 0.9840],
    "hopfield": [0.1237, 0.1510, 0.2133, 0.2947, 0.4157, 0.4677, 0.5220, 0.6410, 0.6857, 0.7570, 0.8247, 0.8577, 0.8810, 0.8877, 0.8907],
    "transformer": [0.3413, 0.4127, 0.5377, 0.6377, 0.6593, 0.6983, 0.7060, 0.7380, 0.7517, 0.7833, 0.7823, 0.7997, 0.8037, 0.8080, 0.8077]
  }
}
